Station_ID,Station_Name,Longitude,Latitude,Elevation_m,Rainfall_mm,Days_Observed
IN010081800,ADUR,76.73,9.15,88.0,147.5,31
IN010070900,ALATTUR,76.55,10.63,66.0,201.0,31
IN010011000,ALLEPPEY        OBSY,76.33,9.55,4.0,87.3,31
IN010011100,AMBALAPUZA,76.37,9.38,1.0,109.9,31
IN020031800,ANAMALAIS,76.92,10.58,1372.0,318.0,31
IN009010500,ANEKAL,77.68,12.7,914.0,2.9,31
IN020031400,ANNUR,77.12,11.23,102.0,157.0,31
IN020120201,ARANTANGI,78.98,10.18,45.0,61.0,31
IN009111301,ARKALGUD,76.05,12.77,917.0,53.4,31
IN009165300,ARS NAGENAHALLI,76.67,12.38,762.0,31.6,31
IN010010400,ARUKUTTY,76.33,9.87,4.0,52.1,31
IN020101300,ARUPPUKOTTAI,78.1,9.5,61.0,50.2,31
IN009162100,ATTAGULIPUR,77.0,11.83,747.0,35.6,31
IN009011801,ATTIBELE,77.78,12.75,891.0,0.0,31
IN020111100,ATTUR,78.62,11.6,226.0,134.3,31
IN020031200,AVANASHI,77.28,11.2,324.0,153.8,31
IN020142200,AYIKUDI,77.33,9.0,161.0,128.4,31
IN010050400,BADAGARA,75.58,11.6,3.0,118.1,31
IN009162200,BAILUR,77.25,11.82,916.0,9.9,31
IN009082101,BALECOVE,76.08,11.98,924.0,46.5,31
IN009162901,BANDIPUR,76.63,11.67,1026.0,12.7,31
IN020051400,BARUR,78.32,12.33,462.0,79.6,31
IN009162801,BEGUR,76.67,11.93,763.0,38.1,31
IN009163400,BETTADAPURA,76.1,12.47,891.0,25.4,31
IN009082100,BHAGAMANDALA,75.52,12.38,876.0,163.7,31
IN020030600,BHAVANI,77.7,11.45,166.0,207.5,31
IN009162601,BILIKERE,76.42,12.33,899.0,55.9,31
IN020080301,BODINAYAKKANUR,77.35,10.02,369.0,164.2,31
IN010020200,CANNANORE,75.37,11.87,12.0,76.2,31
IN009160101,CHAMARAJNAGAR,76.93,11.92,716.0,35.6,31
IN010040900,CHANGENACHERY,76.55,9.45,8.0,138.4,31
IN009010600,CHANNAPATANA,77.2,12.65,669.0,23.3,31
IN020080800,CHATRAPATTI,77.62,10.47,323.0,106.0,31
IN020010701,CHENGAM,78.78,12.3,281.0,153.2,31
IN010011300,CHENGANNUR,76.62,9.32,7.0,137.1,31
IN010071400,CHERAPALASERI,76.32,10.87,67.0,116.0,31
IN009154300,CHINKURLI,76.6,12.53,693.0,6.5,31
IN010041400,CHINNAR,77.1,9.87,800.0,57.6,31
IN010070800,CHITTUR,76.73,10.7,67.0,227.0,31
IN020031901,CINNAKALLORE,77.18,11.25,330.0,146.0,31
IN020032400,COIMBATORE,76.967,11.0,409.0,98.2,31
IN020031700,COIMBATORE/PEELAMED,77.05,11.033,399.0,58.8,31
IN009162602,COWDALLI,77.43,12.07,609.0,31.0,31
IN010090400,CRANGANORE,76.2,10.22,8.0,113.0,31
IN020051000,DENKANIKOTTAH,77.78,12.53,892.0,39.0,31
IN020091100,DEVALA,76.4,11.47,892.0,61.0,31
IN010041200,DEVIKULAM,77.1,10.07,1495.0,167.7,31
IN020031500,DHARAPURAM,77.53,10.73,274.0,259.6,31
IN020051200,DHARMAPURI,78.17,12.13,396.0,187.1,31
IN020080600,DINDIGUL,77.97,10.35,280.0,136.8,31
IN009082200,DUBARI,75.92,12.37,1131.0,50.4,31
IN010032300,ERNAKULAM,76.28,9.98,3.0,88.0,31
IN020030700,ERODE,77.72,11.35,172.0,181.4,31
IN010040700,ETTUMANUR,76.57,9.67,4.0,203.2,31
IN010033100,FORT COCHIN,76.233,9.967,3.0,119.0,31
IN009081200,FRAZERPET,75.97,12.45,840.0,87.1,31
IN020092200,GLENMORGAN,76.5,11.58,2166.0,67.4,31
IN020030500,GOBICHETTIPALAYA,77.43,11.47,213.0,116.3,31
IN020120300,GRAND ANICUT,78.83,10.83,59.0,139.4,31
IN020091200,GUDALUR,76.5,11.5,1052.0,44.5,31
IN009160200,GUNDLUPET,76.68,11.8,798.0,68.5,31
IN009162900,HAMPAPURA,76.58,12.12,692.0,41.7,31
IN009162501,HANUR,77.28,12.08,632.0,79.8,31
IN010012800,HARIPAD,76.45,9.28,3.0,98.8,31
IN020051101,HARUR,78.5,12.05,396.0,43.0,31
IN009160500,HEGGADDEVANKOTE,76.33,12.08,722.0,11.7,31
IN009111500,HOLENARSIPUR,76.23,12.78,839.0,20.3,31
IN009153700,HONAKERE,76.7,12.72,841.0,5.0,31
IN020051100,HOSUR,77.83,12.72,949.0,9.6,31
IN009082400,HUDUGUR,75.93,12.48,838.0,56.4,31
IN009160300,HUNSUR,76.28,12.3,777.0,95.2,31
IN010020100,IRIKKUR,75.55,11.97,39.0,160.5,31
IN020141300,KADAYANALLUR,77.35,9.08,204.0,133.0,31
IN020021800,KALLAKKURICHCHI,78.967,11.733,126.0,62.8,31
IN020092300,KALLATTY,76.65,11.38,1753.0,150.0,31
IN009010201,KANAKAPURA,77.42,12.55,627.0,6.3,31
IN020031000,KANGAYAM,77.57,11.0,318.0,195.0,31
IN010040200,KANJIRAPALLY,76.78,9.57,78.0,372.2,31
IN009162701,KANKANKOTE,76.2,11.92,711.0,66.0,31
IN009081500,KARIKE,75.45,12.47,1054.0,128.4,31
IN010032500,KARIKODE,76.67,9.83,216.0,199.2,31
IN009081701,KARMAD,76.07,12.12,853.0,27.0,31
IN010081900,KARUNAGAPALLI,76.53,9.07,12.0,253.7,31
IN020091700,KETTY,76.77,11.38,2042.0,40.0,31
IN009153600,KIKKERI,76.42,12.78,817.0,0.0,31
IN020141000,KO253LPATTI            SR,77.87,9.17,88.0,127.9,31
IN020081000,KODAIKANAL,77.467,10.233,2343.0,118.7,31
IN020092000,KODANAND,76.92,11.5,1989.0,107.3,31
IN020030900,KODUMUDI,77.87,11.08,147.0,38.8,31
IN009161300,KOLLEGAL,77.12,12.12,671.0,72.8,31
IN009114600,KONANUR,76.05,12.63,833.0,76.2,31
IN010081600,KONNI,76.85,9.22,87.0,303.7,31
IN020091900,KOTAGIRI,76.87,11.43,1908.0,69.5,31
IN010082100,KOTTARAKARA,76.77,9.02,42.0,275.9,31
IN010040800,KOTTAYAM  P.W.D,76.53,9.58,7.0,194.4,31
IN010050700,KOZHIKODE,75.783,11.25,5.0,154.1,31
IN020050901,KRISHNAGIRI,78.23,12.53,224.0,89.5,31
IN009162000,KRISHNARAJNAGAR,76.42,12.43,816.0,49.5,31
IN010041900,KUMILY,77.17,9.58,823.0,208.3,31
IN020091600,KUNDHA (KAILKUND),76.65,11.27,1631.0,73.0,31
IN009165400,KUNTHUR,76.12,12.12,869.0,55.9,31
IN001030200,KUPPAM,78.35,12.75,684.0,41.6,31
IN010050500,KUTTIADI,75.75,11.67,54.0,391.9,31
IN009153500,LINGARAJCHATRA,76.8,12.48,707.0,56.0,31
IN009150801,MADDUR,77.03,12.6,648.0,8.7,31
IN020081700,MADURAI,78.083,9.833,131.0,187.8,31
IN020080200,MADURAI,78.117,9.917,133.0,206.4,31
IN009081900,MAKUT,75.73,12.08,94.0,84.0,31
IN009150701,MALAVALLI,77.07,12.38,732.0,33.0,31
IN010030100,MALAYATTUR,76.52,10.2,45.0,201.0,31
IN020100600,MANAMATHURAI,78.47,9.7,67.0,145.2,31
IN010020700,MANANTODDY,76.02,11.8,694.0,25.6,31
IN009150700,MANDYA,76.88,12.53,671.0,20.0,31
IN010060400,MANJERI,76.13,11.12,107.0,121.4,31
IN010072200,MANNARGHAT,76.47,10.98,90.0,223.1,31
IN010041100,MARAYUR,77.15,10.27,1088.0,38.0,31
IN010011500,MAVELIKARA,76.53,9.25,14.0,147.7,31
IN009154200,MELKOTE,76.65,12.65,981.0,10.0,31
IN020082400,MELUR,78.33,10.05,149.0,150.5,31
IN009080900,MERCARA,75.73,12.43,1152.0,17.0,31
IN009081000,MERCARA         OBSY SR,75.73,12.42,1152.0,64.6,31
IN020031001,METTUPALAYAM,76.95,11.3,326.0,66.5,31
IN020112700,METTUR DAM      OBSY,77.82,11.8,244.0,101.0,31
IN020101000,MOREKULAM,78.8,9.25,1.0,217.8,31
IN009162401,MUDIGUNDAM,77.08,12.08,632.0,83.9,31
IN020101100,MUDUKULATHUR,78.52,9.35,27.0,100.0,31
IN010092100,MUKUNDAPURAM,76.17,10.25,8.0,31.8,31
IN020031801,MULANUR,77.7,10.78,220.0,112.0,31
IN009081801,MURKHAL,76.17,12.13,861.0,102.2,31
IN009160100,MYSORE,76.7,12.3,767.0,17.0,31
IN009165000,MYSORE HALL,76.67,12.3,767.0,2.5,31
IN020091300,NADUVATTAM,76.55,11.47,1950.0,95.6,31
IN009081601,NAGARHOLE,76.12,12.03,805.0,62.0,31
IN020111300,NAMAKKAL,78.17,11.22,261.0,278.0,31
IN009160600,NANJANGUD,76.68,12.13,653.0,16.2,31
IN009081600,NAPOKLU,75.68,12.3,917.0,132.8,31
IN020082300,NATHAM,78.13,10.23,247.0,233.9,31
IN020051500,NEDUNGAL,78.27,12.37,466.0,49.6,31
IN010032000,NERIAMANGALAM,76.78,10.05,101.0,326.5,31
IN009192301,NIDSALE,77.05,12.77,797.0,0.0,31
IN020080500,NILAKOTTAI,77.85,10.17,276.0,81.0,31
IN010060500,NILAMBUR,76.233,11.283,31.0,50.9,31
IN020110700,OMALUR,78.05,11.75,65.0,125.1,31
IN020091500,OOTACAMUND      OBSY SR,76.73,11.4,2249.0,72.2,31
IN010071300,OTTAPALAM,76.38,10.78,34.0,67.2,31
IN010042600,PALA,76.75,9.6,134.0,417.3,31
IN020051300,PALACODE,78.08,12.3,493.0,63.1,31
IN020080900,PALANI,77.52,10.45,321.0,116.6,31
IN010071000,PALGHAT,76.65,10.78,97.0,187.6,31
IN020031900,PALLADAM,77.3,10.98,366.0,97.0,31
IN009152100,PANDAVAPURA,76.67,12.5,786.0,20.6,31
IN020100700,PARAMAKUDI,78.58,9.55,32.0,141.2,31
IN020111400,PARAMATHI,78.03,11.17,125.0,121.0,31
IN010071200,PARLI,76.55,10.8,61.0,261.0,31
IN010030200,PARUR,76.22,10.15,3.0,116.7,31
IN010081400,PATTANAMPHITTA,76.77,9.27,30.0,331.0,31
IN010020300,PAYYANUR,75.2,12.1,18.0,134.3,31
IN020051201,PENNAGARAM,77.9,12.13,533.0,63.0,31
IN020080100,PERAIYUR,77.78,9.73,1250.0,129.0,31
IN020080401,PERIAKULAM,77.53,10.12,287.0,105.8,31
IN010061500,PERINTHALAMANNA,76.23,10.97,192.0,487.2,31
IN020030901,PERIYANAICKAMPAL,76.95,11.15,436.0,124.0,31
IN009161000,PERIYAPATNA,76.1,12.33,859.0,30.8,31
IN010031900,PERUMPAVUR,76.48,10.12,37.0,222.0,31
IN020030800,PERUNDURAI,77.58,11.28,294.0,86.4,31
IN020031600,POLLACHI,77.02,10.65,270.0,124.6,31
IN010060100,PONNANI,75.92,10.78,1.0,83.0,31
IN009082000,POONAMPET,75.93,12.15,857.0,102.6,31
IN009081700,PULINGOTH,75.57,12.33,919.0,177.0,31
IN010082000,PUNALUR,76.92,9.0,33.0,264.6,31
IN009130600,PUTTUR,75.2,12.77,140.0,89.7,31
IN010050600,QUILANDI,75.7,11.45,8.0,216.0,31
IN020100900,RAMANATHAPURAM,78.83,9.38,23.0,190.9,31
IN009010400,RAMNAGARAM,77.28,12.72,686.0,10.2,31
IN020110900,RASIPURAM,78.18,11.45,274.0,160.2,31
IN020050800,RAYAKOTTAH,78.05,12.52,896.0,91.2,31
IN020110800,SALEM,78.167,11.65,278.0,83.4,31
IN009082600,SAMPAJE,75.55,12.5,141.0,304.5,31
IN020141100,SANKARANKOIL,77.55,9.17,152.0,184.6,31
IN020021900,SANKARAPURAM,78.92,11.88,198.0,154.0,31
IN020111600,SANKARI,77.87,11.47,268.0,54.2,31
IN009011700,SATNUR(SATNURU),77.32,12.45,711.0,50.8,31
IN020100901,SATTUR,77.92,9.37,62.0,219.0,31
IN020030400,SATYAMANGALAM,77.25,11.5,258.0,134.6,31
IN020111500,SENDAMANGALAM,78.23,11.28,261.0,219.3,31
IN010010600,SHERTHALA,76.33,9.7,4.0,100.6,31
IN020080201,SHOLAVANDAN,77.97,10.02,165.0,193.0,31
IN020100401,SIVAGANGA,78.48,9.85,101.0,188.9,31
IN020141200,SIVAGIRI,77.43,9.33,163.0,180.1,31
IN020100701,SIVAKASI,77.78,9.45,106.0,213.4,31
IN009081300,SOMWARPET,75.85,12.6,1131.0,1.9,31
IN009082500,SRIMANGALA,75.98,12.02,848.0,48.0,31
IN009115200,SRIRAMDEVAR DAM,76.23,12.77,867.0,19.8,31
IN009150200,SRIRANGPATNAM,76.68,12.42,683.0,34.8,31
IN020100601,SRIVILLIPUTHUR,77.63,9.52,138.0,250.2,31
IN020031301,SULUR,77.13,11.03,329.0,58.0,31
IN009082300,SUNTICOPPA,75.83,12.45,975.0,36.9,31
IN009161200,T.NARSIPUR,76.9,12.2,639.0,31.2,31
IN020030300,TALAVADI,77.02,11.78,805.0,43.1,31
IN010020400,TALIPARAMBA,75.35,12.05,36.0,123.4,31
IN020081500,TALLAKULAM,78.17,9.97,441.0,211.0,31
IN010092500,THALIPILLY,76.25,10.67,162.0,92.7,31
IN020111000,THAMMAMPATTY,78.5,11.45,240.0,142.0,31
IN010011200,THIRUVALLA,76.55,9.38,3.0,78.2,31
IN020130700,TIRUCHCHIRAPALLI,78.717,10.767,88.0,212.0,31
IN020110200,TIRUCHENGODE,77.9,11.38,268.0,82.8,31
IN020120100,TIRUKKATTUPALLI,78.97,10.85,54.0,146.6,31
IN020080202,TIRUMANGALAM,77.98,9.82,125.0,221.3,31
IN020011700,TIRUPATTUR      OBSY SR,78.57,12.48,390.0,50.4,31
IN020102500,TIRUPPATHUR,78.6,10.12,98.0,98.2,31
IN020010601,TIRUPPATTUR,78.58,12.48,338.0,50.6,31
IN020031501,TIRUPPUR,77.35,11.1,299.0,74.8,31
IN020100501,TIRUPPUVANAM,78.25,9.83,105.0,116.0,31
IN020100301,TIRUVADANAI,78.92,9.78,6.0,88.0,31
IN010060800,TIRUVANGADI,75.92,11.05,6.0,135.6,31
IN009081901,TITIMATHI,76.0,12.22,864.0,48.2,31
IN010090600,TRICHUR,76.22,10.52,15.0,171.2,31
IN020031300,UDUMALPET,77.25,10.58,368.0,114.6,31
IN020080300,USILAMPATTI,77.78,9.97,209.0,174.0,31
IN020080400,UTHAMAPALAYAM,77.33,9.8,426.0,140.6,31
IN020051001,UTHANKARAI,78.55,12.25,366.0,37.0,31
IN010040500,VAIKOM,76.4,9.75,2.0,72.4,31
IN020111200,VALAPADY,78.42,11.67,301.0,150.5,31
IN010041800,VANDANMETTU,77.13,9.72,1139.0,250.4,31
IN010050601,VAYITTIRI,76.03,11.55,945.0,78.5,31
IN020080700,VEDASANDUR,77.95,10.52,76.0,151.1,31
IN010043200,VELLOOR,76.83,9.9,142.0,534.2,31
IN009081100,VIRAJPET,75.8,12.18,923.0,62.3,31
IN020100800,VIRUDHUNAGAR,77.97,9.58,101.0,151.4,31
IN020100502,WATRAP,77.63,9.63,153.0,225.7,31
IN009162400,YELAWALL,76.53,12.35,820.0,45.7,31
IN020111700,YERCAUD,78.22,11.78,1402.0,112.6,31
IN020101200,KAMUTHI,78.37,9.42,30.0,96.4,30
IN009154100,KOPPA,76.78,12.7,789.0,12.7,30
IN009150800,KRISHNARAJPET,76.48,12.67,808.0,11.4,30
IN010043000,PEERMADE RESIDEN,76.98,9.57,970.0,332.4,30
IN009150400,BASARALU,76.8,12.7,759.0,4.9,29
IN020141400,VILATNIKULAM,78.17,9.15,21.0,101.4,29
IN009162702,YELANDUR,77.03,12.05,668.0,0.0,7
